"id","text","created_at","did_report_as_spam","owner.id","owner.is_verified","owner.profile_pic_url","owner.username","likes","comments"
"17856354098027460","üëèüëèüëè",1593112444,false,"5486003250",false,"https://instagram.fuio1-1.fna.fbcdn.net/v/t51.2885-19/s150x150/71046772_2212602332378142_5988084064538591232_n.jpg?_nc_ht=instagram.fuio1-1.fna.fbcdn.net&_nc_ohc=6QMbBYO8NIoAX_dPlms&tp=1&oh=b6bfa0a6b8dfd54544e921614e55ad4b&oe=6011D0AA","majorantzsolt",0,0
"17868296869852941","@nath_frank_mack",1593211795,false,"354236906",false,"https://instagram.fuio1-1.fna.fbcdn.net/v/t51.2885-19/s150x150/132612459_862191621267207_5223878563626712393_n.jpg?_nc_ht=instagram.fuio1-1.fna.fbcdn.net&_nc_ohc=Pk-kBL7H67AAX_YNDyB&tp=1&oh=cddf9e3abb34f349ee804d547775503d&oe=60125817","ash.pat.88",1,0
"17865805429874863","@harrysandersseo haha those feels",1593243249,false,"32954709",false,"https://instagram.fuio1-1.fna.fbcdn.net/v/t51.2885-19/s150x150/97926019_2224324854378555_7523161644495536128_n.jpg?_nc_ht=instagram.fuio1-1.fna.fbcdn.net&_nc_ohc=54ZprbTEjA4AX_IaFSB&tp=1&oh=17ebe92b8007b352c78c9651757e1674&oe=60120454","bigstang",0,0
"17847475739182567","@gokarolina",1593398723,false,"1520122613",false,"https://instagram.fuio1-1.fna.fbcdn.net/v/t51.2885-19/s150x150/121151076_1284958821858165_6014087080188186296_n.jpg?_nc_ht=instagram.fuio1-1.fna.fbcdn.net&_nc_ohc=sb1Dcm3m4DQAX8dMgwJ&tp=1&oh=823aedf977fea151a632f961a6b7e391&oe=60142BBE","gabriella_mammana",1,2
"17905319134478666","@tani_",1593630584,false,"619835526",false,"https://instagram.fuio1-1.fna.fbcdn.net/v/t51.2885-19/s150x150/121054666_682560115720083_86089041176439162_n.jpg?_nc_ht=instagram.fuio1-1.fna.fbcdn.net&_nc_ohc=_TuULyE5gTgAX_NFTcs&tp=1&oh=d75bd3f711de38a68c7851cde3063f70&oe=60132C99","jigaar",1,2
"17951823604345545","@olga_sophie_b üòú",1593712789,false,"8610870500",false,"https://instagram.fuio1-1.fna.fbcdn.net/v/t51.2885-19/s150x150/117612229_986567771804040_1784445516870253199_n.jpg?_nc_ht=instagram.fuio1-1.fna.fbcdn.net&_nc_ohc=vsj1nh-0wP4AX-jSvpy&tp=1&oh=b0c895adcc858d808ceb8d584304a366&oe=601392FC","daniel.dvh",0,1
"18145048408071332","Haha üòÜ",1594567748,false,"608219702",false,"https://instagram.fuio1-1.fna.fbcdn.net/v/t51.2885-19/s150x150/101705178_768408790361048_2822001458608603136_n.jpg?_nc_ht=instagram.fuio1-1.fna.fbcdn.net&_nc_ohc=EgdTsqPbt2EAX9OfpZP&tp=1&oh=948036aac6a9f54f7bca6bc8b77c01fa&oe=60132A56","martinsmida",0,0
"17881306279670882","üî•üëèüèΩ",1594641717,false,"2254484375",false,"https://instagram.fuio1-1.fna.fbcdn.net/v/t51.2885-19/s150x150/26322720_1539931319460731_8449731745468645376_n.jpg?_nc_ht=instagram.fuio1-1.fna.fbcdn.net&_nc_ohc=N42cHZrmuU4AX9W2wQP&tp=1&oh=08c6b7ac437a370383344b41e674423c&oe=60123FE9","carofortunaok",0,0
"17919504010432738","@iamcardib",1594778408,false,"9425139850",false,"https://instagram.fuio1-1.fna.fbcdn.net/v/t51.2885-19/s150x150/131914945_235783718072152_1870723243349166727_n.jpg?_nc_ht=instagram.fuio1-1.fna.fbcdn.net&_nc_ohc=y4k9Hni-ghkAX_w6GP9&tp=1&oh=a5e9e7b458f5c0d9188bbb1697c8e8b9&oe=6013A4FE","thnkcreatively",2,0
"17848366193225134","Ik that‚Äôs not cardi in the background",1595124670,false,"10855443732",false,"https://instagram.fuio1-1.fna.fbcdn.net/v/t51.2885-19/s150x150/117097008_733831220795712_3201224056724586346_n.jpg?_nc_ht=instagram.fuio1-1.fna.fbcdn.net&_nc_ohc=18qQiqGF_tIAX9jFteu&tp=1&oh=38ac0514c02692b8fbdd609ae3cca3da&oe=60133036","wake_upmypeople",1,0
"17880612262723532","This happened to me in Boston, I did a drive test haha",1595467123,false,"36078163619",false,"https://instagram.fuio1-1.fna.fbcdn.net/v/t51.2885-19/s150x150/98081212_552075215683708_956918292642004992_n.jpg?_nc_ht=instagram.fuio1-1.fna.fbcdn.net&_nc_ohc=aQRmmcTCil8AX8RclQd&tp=1&oh=4bd5288490e1e9ab01ccc9bb3176dd46&oe=6012B5CD","soloveomemes12",1,0
"17856932960102111","@gadija_tiry",1595542850,false,"2275651174",false,"https://instagram.fuio1-1.fna.fbcdn.net/v/t51.2885-19/s150x150/125487284_130515891862987_6236972980150155563_n.jpg?_nc_ht=instagram.fuio1-1.fna.fbcdn.net&_nc_ohc=tAy2q_MEVTMAX8NoWpW&tp=1&oh=bcf01af935198433409b2ae9adf75a28&oe=6013EC08","mustafaaaaaa_tiry",0,0
"17954096083353743","@gokcekorpeoglu yeyyyy üòÅüëçüèª",1596317037,false,"4600156975",false,"https://instagram.fuio1-1.fna.fbcdn.net/v/t51.2885-19/s150x150/18161630_645039799022327_6386571310650097664_a.jpg?_nc_ht=instagram.fuio1-1.fna.fbcdn.net&_nc_ohc=KRO23FbaAD8AX8XxJ2R&tp=1&oh=9637172969cb514dc27cd03e096780f2&oe=60146DC8","ebrulette",1,0
"17882428468728350","@s_chabs6 c‚Äôest pour quand ?üòÇüòÇüòÇ‚ù§Ô∏è",1597250632,false,"3588605507",false,"https://instagram.fuio1-1.fna.fbcdn.net/v/t51.2885-19/s150x150/130862372_510406776530514_4568209264192623223_n.jpg?_nc_ht=instagram.fuio1-1.fna.fbcdn.net&_nc_ohc=nlbew7iVrTsAX85DEQT&tp=1&oh=918594e96d130fae342bd45c799eb63a&oe=60125A23","nass_ay",0,0
"18158042992032619","prueba sola",1597510273,false,"8485552285",false,"https://instagram.fuio1-1.fna.fbcdn.net/v/t51.2885-19/s150x150/56697201_322796025099555_4285015440163340288_n.jpg?_nc_ht=instagram.fuio1-1.fna.fbcdn.net&_nc_ohc=Q26bdzXdUOwAX_zhjuB&tp=1&oh=f5f5fcc9ffc5b40e02cdc8bec8255cbd&oe=6013E842","santiagocedill0",0,3
"17883144544723125","@mccaverinha",1597548647,false,"8158426618",false,"https://instagram.fuio1-1.fna.fbcdn.net/v/t51.2885-19/s150x150/128886667_882081375662420_4576795963286578537_n.jpg?_nc_ht=instagram.fuio1-1.fna.fbcdn.net&_nc_ohc=pj8h89ndmmsAX-Aqdj5&tp=1&oh=86d998303e43a43f5e506b9112cd4d95&oe=6011FB4A","barais_r1an5",0,0
"17886140251631557","I found you here @radhika.wali",1597635374,false,"478920227",false,"https://instagram.fuio1-1.fna.fbcdn.net/v/t51.2885-19/s150x150/52837110_546226105886924_1091700413704437760_n.jpg?_nc_ht=instagram.fuio1-1.fna.fbcdn.net&_nc_ohc=CaH80CAhjooAX9Wb1hL&tp=1&oh=2adc8630c20f9885121021cd01e9eb6f&oe=60133E73","mayur__gupta",0,0
"17896077124577631","@shad3zofgray üëäüèæ‚ù§Ô∏è",1597979694,false,"355960014",false,"https://instagram.fuio1-1.fna.fbcdn.net/v/t51.2885-19/s150x150/82958303_1292719537585903_8361258966814031872_n.jpg?_nc_ht=instagram.fuio1-1.fna.fbcdn.net&_nc_ohc=5q8b9Q-KMGMAX8nBNy9&tp=1&oh=f0c2625bd09d7d87a8aaa26eb559477f&oe=601395DF","_osaze7",1,0
"17900802034528690","@nataliacnbl",1598698254,false,"274045469",false,"https://instagram.fuio1-1.fna.fbcdn.net/v/t51.2885-19/s150x150/13651977_477647835767543_1259612287_a.jpg?_nc_ht=instagram.fuio1-1.fna.fbcdn.net&_nc_ohc=eJ2IIrmAHd0AX-PSc29&tp=1&oh=24db2cdd8646e63c11a995515fca9628&oe=6012B353","aleixabrado",1,1
"17880427867777415","@tessabooyens ‚ù§Ô∏èüî•üî•üòÇüòÇüòç",1598879639,false,"3027948665",false,"https://instagram.fuio1-1.fna.fbcdn.net/v/t51.2885-19/s150x150/58454180_2380972742173334_5213669596707422208_n.jpg?_nc_ht=instagram.fuio1-1.fna.fbcdn.net&_nc_ohc=D-EXSbEvPFAAX93BtHN&tp=1&oh=f5c5384a72ff4bcee8c02bcf3d82f645&oe=601265CA","robbbie__p",0,1
"17889547465630187","Not as fast as a tycan",1599147971,false,"24176189718",false,"https://instagram.fuio1-1.fna.fbcdn.net/v/t51.2885-19/s150x150/93137002_218556542550891_1863311676640591872_n.jpg?_nc_ht=instagram.fuio1-1.fna.fbcdn.net&_nc_ohc=QSi13V4Rt14AX-qE_NP&tp=1&oh=e0b4870bb40207a40735e642861e2bfd&oe=6014152B","thompson_g88",0,0
"18117920410131135","@cermudezbonnie",1599338130,false,"22239300",true,"https://instagram.fuio1-1.fna.fbcdn.net/v/t51.2885-19/s150x150/52703024_2141464862567177_2281772071161692160_n.jpg?_nc_ht=instagram.fuio1-1.fna.fbcdn.net&_nc_ohc=ykLFzKPHmzsAX_UkKdG&tp=1&oh=3e72995ae410ec893a3a2ea5f486ea26&oe=601199CF","angelvivaldiofficial",1,1
"18162651871018924","üî•",1600142877,false,"908420583",false,"https://instagram.fuio1-1.fna.fbcdn.net/v/t51.2885-19/s150x150/129767569_3804265646285411_7191877808118717338_n.jpg?_nc_ht=instagram.fuio1-1.fna.fbcdn.net&_nc_ohc=BpB95Fi15mwAX8-sjWO&tp=1&oh=d86b2bd8ac2825f98b0156c4f949b9c9&oe=6013A059","g_gregluis",0,0
"17885931427697718","@rihabsobh",1600206928,false,"1781829808",false,"https://instagram.fuio1-1.fna.fbcdn.net/v/t51.2885-19/s150x150/105492395_1329453213919137_8913703889292349394_n.jpg?_nc_ht=instagram.fuio1-1.fna.fbcdn.net&_nc_ohc=uQ7Kq3R7LCEAX8jsChm&tp=1&oh=e4315a26eb1ba45b269d83e4c034a85d&oe=6014B57A","nathan.kessinger",0,0
"18133638424107991","@victoriously13",1600495241,false,"292804395",false,"https://instagram.fuio1-1.fna.fbcdn.net/v/t51.2885-19/s150x150/121804846_1211261205927504_2572830939164143847_n.jpg?_nc_ht=instagram.fuio1-1.fna.fbcdn.net&_nc_ohc=M-rc5MbaTv8AX9yKtNl&tp=1&oh=d45f61d04e9dacf575ff0f54b367e896&oe=6013CBE6","eriikjung",0,0
"17854506806261527","@ra.fa.z",1601343988,false,"309751910",false,"https://instagram.fuio1-1.fna.fbcdn.net/v/t51.2885-19/s150x150/127842505_1033750687093449_4188439796715178397_n.jpg?_nc_ht=instagram.fuio1-1.fna.fbcdn.net&_nc_ohc=0_XRtwf0XJcAX8ppNlj&tp=1&oh=036916f54ab401f80c752a01310df850&oe=601575B6","marcelzerbini",0,0
"17979824434311461","#xtinaüòçüòçüòçüòçüòçüòçüòçüòçüòçüòçüòçüòçüòç",1602057804,false,"42798135132",false,"https://scontent-nrt1-1.cdninstagram.com/v/t51.2885-19/44884218_345707102882519_2446069589734326272_n.jpg?_nc_ht=scontent-nrt1-1.cdninstagram.com&_nc_ohc=XeXEvQgYgbsAX_-vMql&oh=2afb0d1d7fa9ae891cf2d43b93549e16&oe=6014C10F&ig_cache_key=YW5vbnltb3VzX3Byb2ZpbGVfcGlj.2","losvegasoftime",0,0
"18137413690104928","üî•üî•üî•üî•",1602675737,false,"11461641659",false,"https://instagram.fuio1-1.fna.fbcdn.net/v/t51.2885-19/s150x150/94952850_233487081068945_481961803820040192_n.jpg?_nc_ht=instagram.fuio1-1.fna.fbcdn.net&_nc_ohc=e4Y-2hRTftYAX-4EaQT&tp=1&oh=9f8ff02dda1744db7b519399c7c4ff96&oe=6011D8AD","voxandoz",0,0
"17845867163435029","Jajaja asi hago mi cara cuando aceleras üôä @danielde.avila",1603477369,false,"1650495919",false,"https://instagram.fuio1-1.fna.fbcdn.net/v/t51.2885-19/s150x150/58902450_327675111249418_3872965322986225664_n.jpg?_nc_ht=instagram.fuio1-1.fna.fbcdn.net&_nc_ohc=R69L3M7grxcAX--_Pa9&tp=1&oh=e2720e992d701e1ea19a6df14af526e1&oe=60156B1E","fernanda.escareno",0,1
"17877153211927415","@vizzleforshizzle Orgi",1603594657,false,"2244016623",false,"https://instagram.fuio1-1.fna.fbcdn.net/v/t51.2885-19/s150x150/28763387_2005268233055931_3198268201787981824_n.jpg?_nc_ht=instagram.fuio1-1.fna.fbcdn.net&_nc_ohc=tD1yO-hL2vsAX-tN27J&tp=1&oh=e921e8817bea20dc79cda874847d8605&oe=60142FEA","valemoxito",0,0
"17878902286874903","@itbehiten  us üòÇüòÇüòÇ",1603613239,false,"6598761382",false,"https://instagram.fuio1-1.fna.fbcdn.net/v/t51.2885-19/s150x150/91609699_903301650128529_5411580311022600192_n.jpg?_nc_ht=instagram.fuio1-1.fna.fbcdn.net&_nc_ohc=mxjsE0wo4OkAX8FYk-w&tp=1&oh=6c244a8f84842c5f705c53a6aa3ffbdc&oe=60139CF9","str8teneight",0,0
"17912194963501155","@marlenarenae",1603945061,false,"1948839",false,"https://instagram.fuio1-1.fna.fbcdn.net/v/t51.2885-19/s150x150/58409635_2353593664856218_2578314338607562752_n.jpg?_nc_ht=instagram.fuio1-1.fna.fbcdn.net&_nc_ohc=VRgk7UDzdYoAX-xtS4D&tp=1&oh=2c5590614de5c14ed6b971a9bec90cda&oe=60129226","marlongallardo",1,0
"17904438601562259","Que les haga un tema @almightytgc",1604379349,false,"2135570882",false,"https://instagram.fuio1-1.fna.fbcdn.net/v/t51.2885-19/s150x150/132105314_145284510691353_4281698113428325396_n.jpg?_nc_ht=instagram.fuio1-1.fna.fbcdn.net&_nc_ohc=AkShSoF9UKsAX8sQMTw&tp=1&oh=7e365bcf26767fbfc24bc9c59d6972f9&oe=6012693E","kevin23d",0,0
"17873509682043166","Love you",1605891432,false,"40951203365",false,"https://instagram.fuio1-1.fna.fbcdn.net/v/t51.2885-19/s150x150/128433382_750002132253488_5635405987845007315_n.jpg?_nc_ht=instagram.fuio1-1.fna.fbcdn.net&_nc_ohc=Enxl71XabrAAX_0OyWx&tp=1&oh=57c17cb54dc2007ea0ccf0126f18e8fe&oe=60151376","singardeepakjaiswal",0,0
"17860490180287775","@ocampo_juanc",1606364867,false,"3406165230",false,"https://instagram.fuio1-1.fna.fbcdn.net/v/t51.2885-19/s150x150/13423661_1022474211134560_655899518_a.jpg?_nc_ht=instagram.fuio1-1.fna.fbcdn.net&_nc_ohc=jP7gPQ18v2AAX9GxRm7&tp=1&oh=b2169895ebb69b0cb23c5b246f545560&oe=6011B426","_the_real_izzy",0,0
"17861528684260731","üî•üëçüí£",1606569287,false,"1459287661",false,"https://instagram.fuio1-1.fna.fbcdn.net/v/t51.2885-19/s150x150/118615571_242708630292667_4100669870758475906_n.jpg?_nc_ht=instagram.fuio1-1.fna.fbcdn.net&_nc_ohc=_l5NgtSbE2gAX-uqexP&tp=1&oh=9bbebbece83fad106188a0828f63d503&oe=60141AC6","siforov",0,0
"17895562402713265","@paniagua_ambar21",1606812423,false,"183568390",false,"https://instagram.fuio1-1.fna.fbcdn.net/v/t51.2885-19/s150x150/120659662_1758729567617762_8957596164821711994_n.jpg?_nc_ht=instagram.fuio1-1.fna.fbcdn.net&_nc_ohc=PySJWLHn6_AAX_7iSUc&tp=1&oh=ed128dcd73020f349ba0f672b5d8fb47&oe=6012313F","leeon_mod3l",0,0
"17855135270347207","@felipe_moscatelly",1607610860,false,"50326313",false,"https://instagram.fuio1-1.fna.fbcdn.net/v/t51.2885-19/s150x150/121728531_366458031167313_5095633039724348623_n.jpg?_nc_ht=instagram.fuio1-1.fna.fbcdn.net&_nc_ohc=5_kmI7S38QsAX_wlJ8o&tp=1&oh=acd1853d20b43a388e24ef354caea4e1&oe=60137C02","laurabfs",0,1
"17896714804690092","Akkakaak",1607612499,false,"346751535",false,"https://instagram.fuio1-1.fna.fbcdn.net/v/t51.2885-19/s150x150/126524214_1536390736551655_2123606497317203231_n.jpg?_nc_ht=instagram.fuio1-1.fna.fbcdn.net&_nc_ohc=3L3GZ5mOCI0AX8EwaQe&tp=1&oh=b989bed809cf3b2c46c54da505ae33b6&oe=6014998F","felipe_moscatelly",0,0
"17891431489780078","@tiffany_goldie she hates it üòÇüòÇüòÇ",1607684627,false,"36895576337",false,"https://instagram.fuio1-1.fna.fbcdn.net/v/t51.2885-19/s150x150/132087730_983911112132602_3629687581951458151_n.jpg?_nc_ht=instagram.fuio1-1.fna.fbcdn.net&_nc_ohc=IFxkq9eUdhgAX9UulXY&tp=1&oh=812c1eda65d846b12a6d5c72b5f7e7ab&oe=60140298","kayla_smith7428",0,2